<?xml version="1.0" encoding="UTF-8"?>
<catalog><book><id>1</id><author>Craig Smith and Katz Cowley</author><title>The Wonky Donkey</title><genre>Children's Fiction Books on Animals</genre><price>4.00</price><publish_date>2018-11-01</publish_date><description>The story about a wonky donkey...</description></book><book><id>2</id><author>Julia Donaldson</author><title>The Girl, the Bear and the Magic Shoes</title><genre>Children's Books on Fashion Crafts</genre><price>5.24</price><publish_date>2019-04-04</publish_date><description>A little girl loved running, but her old shoes were too tight...</description></book></catalog>
